NO. INTERVAL,INTERVAL RANGE,DATE,HEAD,COMMENT,TEST RESULT,CHANGES LINK,TEST PATH
2,16/01/2021-30/01/2021,Jan 30 2021,2ccdac06f95f68752abdede79770f5a8904e7e12,    [Compose] Upgrade to Alpha 11 (#1732),completed: 266 skipped: 4 failures: 0 errors: 0,https://github.com/airbnb/lottie-android/commit/2ccdac06f95f68752abdede79770f5a8904e7e12,lottie/src/test/java/com/airbnb/lottie
3,27/12/2020-16/01/2021,Jan 16 2021,5989f6777d481a8c833578bb399f2c149e7c65b0,    Fail quietly if ImageAssetManager fails to decode a bitmap (#1729),completed: 266 skipped: 4 failures: 0 errors: 0,https://github.com/airbnb/lottie-android/commit/5989f6777d481a8c833578bb399f2c149e7c65b0,lottie/src/test/java/com/airbnb/lottie
27,24/10/2020-25/10/2020,Oct 25 2020,d0f006fd28044792216e609035322c86d2d8cb7d,    Added the ability to outline masks and mattes (#1658),completed: 266 skipped: 4 failures: 236 errors: 0,https://github.com/airbnb/lottie-android/commit/d0f006fd28044792216e609035322c86d2d8cb7d,lottie/src/test/java/com/airbnb/lottie
27,24/10/2020-25/10/2020,Oct 24 2020,19cf3f0bc18a03be40106512fae053afd561beda,    Cache compositions loaded by url in memory (#1657),completed: 266 skipped: 4 failures: 236 errors: 0,https://github.com/airbnb/lottie-android/commit/19cf3f0bc18a03be40106512fae053afd561beda,lottie/src/test/java/com/airbnb/lottie
28,19/10/2020-24/10/2020,Oct 24 2020,8a10f96181f892a19c4e56867124741e561b0536,    Docs and LottieConfig cleanup (#1656),completed: 266 skipped: 4 failures: 236 errors: 0,https://github.com/airbnb/lottie-android/commit/8a10f96181f892a19c4e56867124741e561b0536,lottie/src/test/java/com/airbnb/lottie
28,19/10/2020-24/10/2020,Oct 24 2020,b27f6d32cc10580c95019df82a9b606b1c5e49f0,    Initial implementation of Lottie Compose (#1652),completed: 266 skipped: 4 failures: 236 errors: 0,https://github.com/airbnb/lottie-android/commit/b27f6d32cc10580c95019df82a9b606b1c5e49f0,lottie/src/test/java/com/airbnb/lottie
29,3/10/2020-19/10/2020,Oct 19 2020,81b4e7873bd00312775a34c0ab9a2a3d2a641ae8,    Added LottieConfig with NetworkFetcher and NetworkCache customization  (#1629),completed: 266 skipped: 4 failures: 236 errors: 0,https://github.com/airbnb/lottie-android/commit/81b4e7873bd00312775a34c0ab9a2a3d2a641ae8,lottie/src/test/java/com/airbnb/lottie
30,2/10/2020-3/10/2020,Oct 3 2020,ae030bb5aa76b35901411c00ac384081e1d88510,    v3.4.5-SNAPSHOT,completed: 266 skipped: 4 failures: 236 errors: 0,https://github.com/airbnb/lottie-android/commit/ae030bb5aa76b35901411c00ac384081e1d88510,lottie/src/test/java/com/airbnb/lottie
31,1/10/2020-2/10/2020,Oct 2 2020,6e189af80d3034d48bd5a1cf32ab52de0117da17,    Clear hashed gradient objects when a new value callback is set. (#1639),completed: 266 skipped: 4 failures: 236 errors: 0,https://github.com/airbnb/lottie-android/commit/6e189af80d3034d48bd5a1cf32ab52de0117da17,lottie/src/test/java/com/airbnb/lottie
31,1/10/2020-2/10/2020,Oct 1 2020,edb4c2297ed4b1e2b22f4a3269617d2b7a0ff363,    v3.4.3,completed: 266 skipped: 4 failures: 236 errors: 0,https://github.com/airbnb/lottie-android/commit/edb4c2297ed4b1e2b22f4a3269617d2b7a0ff363,lottie/src/test/java/com/airbnb/lottie
31,1/10/2020-2/10/2020,Oct 1 2020,f5517cd29b8ee5b3c60a7e27d97f4e8ee5088027,    Fix scaling and tracking for dynamic text (#1635),completed: 266 skipped: 4 failures: 236 errors: 0,https://github.com/airbnb/lottie-android/commit/f5517cd29b8ee5b3c60a7e27d97f4e8ee5088027,lottie/src/test/java/com/airbnb/lottie
32,12/09/2020-1/10/2020,Oct 1 2020,516f87cd52f5de5c0f616b46e9a622f0e1fb78f8,    v3.4.4-SNAPSHOT,completed: 266 skipped: 4 failures: 236 errors: 0,https://github.com/airbnb/lottie-android/commit/516f87cd52f5de5c0f616b46e9a622f0e1fb78f8,lottie/src/test/java/com/airbnb/lottie
32,12/09/2020-1/10/2020,Oct 1 2020,a110c30b3c5c17d06b534e7a4667bc6583033580,    Added warnings for unsupportd matte types (#1638),completed: 266 skipped: 4 failures: 236 errors: 0,https://github.com/airbnb/lottie-android/commit/a110c30b3c5c17d06b534e7a4667bc6583033580,lottie/src/test/java/com/airbnb/lottie
32,12/09/2020-1/10/2020,Oct 1 2020,06274f494053255abf62577a84cf31cc57a00c4c,    Clamp gradient color opacity (#1636),completed: 266 skipped: 4 failures: 236 errors: 0,https://github.com/airbnb/lottie-android/commit/06274f494053255abf62577a84cf31cc57a00c4c,lottie/src/test/java/com/airbnb/lottie
33,28/08/2020-12/09/2020,Sep 12 2020,1e40a1ffb5f744cf7ee92f8c06192de27218c937,    [Sample App] Modernized sample app (#1622),completed: 266 skipped: 4 failures: 236 errors: 0,https://github.com/airbnb/lottie-android/commit/1e40a1ffb5f744cf7ee92f8c06192de27218c937,lottie/src/test/java/com/airbnb/lottie
33,28/08/2020-12/09/2020,Aug 28 2020,2b9ef30372321022bf6ffa328b34c609a0efa027,    [CI] Add env inputs to deploy step (#1621),completed: 266 skipped: 4 failures: 236 errors: 0,https://github.com/airbnb/lottie-android/commit/2b9ef30372321022bf6ffa328b34c609a0efa027,lottie/src/test/java/com/airbnb/lottie
33,28/08/2020-12/09/2020,Aug 28 2020,3462d78dbddadb6a8d44c45a0d2eb7e93e72b049,    Update deploy_snapshot script for GitHub Actions (#1619),completed: 266 skipped: 4 failures: 236 errors: 0,https://github.com/airbnb/lottie-android/commit/3462d78dbddadb6a8d44c45a0d2eb7e93e72b049,lottie/src/test/java/com/airbnb/lottie
33,28/08/2020-12/09/2020,Aug 28 2020,6ebd653e7d16896df1964f7861de75b48e82dcf7,    v3.4.3-SNAPSHOT,completed: 266 skipped: 4 failures: 236 errors: 0,https://github.com/airbnb/lottie-android/commit/6ebd653e7d16896df1964f7861de75b48e82dcf7,lottie/src/test/java/com/airbnb/lottie
33,28/08/2020-12/09/2020,Aug 28 2020,ae9317b3f6e7fc2818ea1d50cc798cafd3188461,    Add cacheKey to LottieCompositionFactory call (#1617),completed: 266 skipped: 4 failures: 236 errors: 0,https://github.com/airbnb/lottie-android/commit/ae9317b3f6e7fc2818ea1d50cc798cafd3188461,lottie/src/test/java/com/airbnb/lottie
34,27/08/2020-29/08/2020,Aug 28 2020,6e90fe5454c538d25c54139656ccc0667df4c3aa,    Fixed some typos in the CHANGELOG,completed: 266 skipped: 4 failures: 236 errors: 0,https://github.com/airbnb/lottie-android/commit/6e90fe5454c538d25c54139656ccc0667df4c3aa,lottie/src/test/java/com/airbnb/lottie
34,27/08/2020-29/08/2020,Aug 28 2020,0bd4fa3defe42fa876f47d39c0e0cc8f45320acc,    Update deploy snapshot script (#1620),completed: 266 skipped: 4 failures: 236 errors: 0,https://github.com/airbnb/lottie-android/commit/0bd4fa3defe42fa876f47d39c0e0cc8f45320acc,lottie/src/test/java/com/airbnb/lottie
34,27/08/2020-29/08/2020,Aug 29 2020,752f9cdc71322248a67aba29b8500a6d0bab5681,    Remove extra space that was breaking link (#1618),completed: 266 skipped: 4 failures: 236 errors: 0,https://github.com/airbnb/lottie-android/commit/752f9cdc71322248a67aba29b8500a6d0bab5681,lottie/src/test/java/com/airbnb/lottie
34,27/08/2020-29/08/2020,Aug 28 2020,bb518009c47b5f93d505d86f6365404f822033bd,    v3.4.2,completed: 266 skipped: 4 failures: 236 errors: 0,https://github.com/airbnb/lottie-android/commit/bb518009c47b5f93d505d86f6365404f822033bd,lottie/src/test/java/com/airbnb/lottie
34,27/08/2020-29/08/2020,Aug 27 2020,ba6d6ee11822e55571ce6e7864ca361b677d5bae,    Switch to GitHub Actions (#1616),completed: 266 skipped: 4 failures: 236 errors: 0,https://github.com/airbnb/lottie-android/commit/ba6d6ee11822e55571ce6e7864ca361b677d5bae,lottie/src/test/java/com/airbnb/lottie
34,27/08/2020-29/08/2020,Aug 27 2020,2d5ca7184c7d0fb805c41825ef4ccd0507250f14,    More leniently parse opacity (#1613),completed: 266 skipped: 4 failures: 236 errors: 0,https://github.com/airbnb/lottie-android/commit/2d5ca7184c7d0fb805c41825ef4ccd0507250f14,lottie/src/test/java/com/airbnb/lottie
35,20/08/2020-27/08/2020,Aug 27 2020,ba6d6ee11822e55571ce6e7864ca361b677d5bae,    Switch to GitHub Actions (#1616),completed: 266 skipped: 4 failures: 236 errors: 0,https://github.com/airbnb/lottie-android/commit/ba6d6ee11822e55571ce6e7864ca361b677d5bae,lottie/src/test/java/com/airbnb/lottie
35,20/08/2020-27/08/2020,Aug 27 2020,2d5ca7184c7d0fb805c41825ef4ccd0507250f14,    More leniently parse opacity (#1613),completed: 266 skipped: 4 failures: 236 errors: 0,https://github.com/airbnb/lottie-android/commit/2d5ca7184c7d0fb805c41825ef4ccd0507250f14,lottie/src/test/java/com/airbnb/lottie
35,20/08/2020-27/08/2020,Aug 20 2020,937f5352229db1034c46e7be4e48fdc90ef0b65e,    Fix crash of sample (#1589),completed: 266 skipped: 4 failures: 236 errors: 0,https://github.com/airbnb/lottie-android/commit/937f5352229db1034c46e7be4e48fdc90ef0b65e,lottie/src/test/java/com/airbnb/lottie
36,29/07/2020-20/08/2020,Aug 20 2020,937f5352229db1034c46e7be4e48fdc90ef0b65e,    Fix crash of sample (#1589),completed: 266 skipped: 4 failures: 236 errors: 0,https://github.com/airbnb/lottie-android/commit/937f5352229db1034c46e7be4e48fdc90ef0b65e,lottie/src/test/java/com/airbnb/lottie
37,24/06/2020-29/07/2020,Jul 29 2020,65ec4f568182e240457e8191a8c617f887d1c009,    Disable hardware rendering for Android 7 to avoid native crashes in libhwui.so and libc.so (#1586),completed: 266 skipped: 4 failures: 236 errors: 0,https://github.com/airbnb/lottie-android/commit/65ec4f568182e240457e8191a8c617f887d1c009,lottie/src/test/java/com/airbnb/lottie
38,5/06/2020-24/06/2020,Jun 24 2020,617334ba6fe3dd2581d34459ab5f1449ffd9d831,    Fix typo (#1579),completed: 266 skipped: 4 failures: 236 errors: 0,https://github.com/airbnb/lottie-android/commit/617334ba6fe3dd2581d34459ab5f1449ffd9d831,lottie/src/test/java/com/airbnb/lottie
39,29/05/2020-5/06/2020,Jun 5 2020,6e3928471e829b47c21d4678aa3ab9047fdcf2df,    v3.4.2-SNAPSHOT,completed: 266 skipped: 4 failures: 236 errors: 0,https://github.com/airbnb/lottie-android/commit/6e3928471e829b47c21d4678aa3ab9047fdcf2df,lottie/src/test/java/com/airbnb/lottie
40,12/05/2020-29/05/2020,May 29 2020,b7bd15c7a7bbd9f0f576170937b11a69be485527,    Add COMPOSITION in KeyPath to target root composition layer. (#1559),completed: 266 skipped: 4 failures: 236 errors: 0,https://github.com/airbnb/lottie-android/commit/b7bd15c7a7bbd9f0f576170937b11a69be485527,lottie/src/test/java/com/airbnb/lottie
41,2/03/2020-12/05/2020,May 12 2020,848a86cd84976aae8a1bdd49aac9859523cfca7c,    Fix tests (#1563),completed: 266 skipped: 4 failures: 236 errors: 0,https://github.com/airbnb/lottie-android/commit/848a86cd84976aae8a1bdd49aac9859523cfca7c,lottie/src/test/java/com/airbnb/lottie
42,24/02/2020-2/03/2020,Mar 2 2020,708b54b2e3c605cc429906e47015f5a075f54b72,    Add lottieAnimationViewStyle attribute to set a default style in themes (#1524),completed: 266 skipped: 4 failures: 236 errors: 0,https://github.com/airbnb/lottie-android/commit/708b54b2e3c605cc429906e47015f5a075f54b72,lottie/src/test/java/com/airbnb/lottie
43,22/02/2020-24/02/2020,Feb 24 2020,1330634a058fb32012e190dd1b6dab6c10069674,    Updated LottieSample libraries and Lottiefiles API (#1522),completed: 266 skipped: 4 failures: 236 errors: 0,https://github.com/airbnb/lottie-android/commit/1330634a058fb32012e190dd1b6dab6c10069674,lottie/src/test/java/com/airbnb/lottie
43,22/02/2020-24/02/2020,Feb 22 2020,b56509c83a1025ea714ad90dae3aaae832f554cc,    v3.4.0,completed: 266 skipped: 4 failures: 236 errors: 0,https://github.com/airbnb/lottie-android/commit/b56509c83a1025ea714ad90dae3aaae832f554cc,lottie/src/test/java/com/airbnb/lottie
44,16/02/2020-22/02/2020,Feb 22 2020,afaedba3f5d45bfe810c60bd83f85390e76c4f5a,    v3.4.1-SNAPSHOT,completed: 266 skipped: 4 failures: 236 errors: 0,https://github.com/airbnb/lottie-android/commit/afaedba3f5d45bfe810c60bd83f85390e76c4f5a,lottie/src/test/java/com/airbnb/lottie
44,16/02/2020-22/02/2020,Feb 22 2020,28f4e5a5087196e2ebb0923bba35c84175b3b39a,    Play not resume animation when playAnimation() is called when isShown() is false (#1521),completed: 266 skipped: 4 failures: 236 errors: 0,https://github.com/airbnb/lottie-android/commit/28f4e5a5087196e2ebb0923bba35c84175b3b39a,lottie/src/test/java/com/airbnb/lottie
45,15/02/2020-16/02/2020,Feb 16 2020,0ca5227776c9057911ffdbc8448f7fbfd441b38e,    Properly clear canvas for masks pre-Pie (#1505),completed: 266 skipped: 4 failures: 236 errors: 0,https://github.com/airbnb/lottie-android/commit/0ca5227776c9057911ffdbc8448f7fbfd441b38e,lottie/src/test/java/com/airbnb/lottie
45,15/02/2020-16/02/2020,Feb 15 2020,a709ac66770b615e862e5ee444afdb3c1481bdbd,    Accept alpha [0255] (#1503),completed: 266 skipped: 4 failures: 236 errors: 0,https://github.com/airbnb/lottie-android/commit/a709ac66770b615e862e5ee444afdb3c1481bdbd,lottie/src/test/java/com/airbnb/lottie
46,13/02/2020-15/02/2020,Feb 15 2020,e82e63c79fbdeda06b7a9caeb870872583e0801b,    Ensure ImageView updates Drawable bounds when not using LottieAnimationView (#1504),completed: 266 skipped: 4 failures: 236 errors: 0,https://github.com/airbnb/lottie-android/commit/e82e63c79fbdeda06b7a9caeb870872583e0801b,lottie/src/test/java/com/airbnb/lottie
69,10/08/2019-28/08/2019,Aug 10 2019,ea3a2dcb08533671334cb4fe4b72185dae288611,    Prevent removeAllUdpateListeners from breaking the world (#1354),completed: 260 skipped: 4 failures: 232 errors: 0,https://github.com/airbnb/lottie-android/commit/ea3a2dcb08533671334cb4fe4b72185dae288611,lottie/src/test/java/com/airbnb/lottie
69,10/08/2019-28/08/2019,Aug 10 2019,d052572d53e4f4bd8f104036c5cdf51badb4d519,    Fixed endless recycler view animation. #1340,completed: 260 skipped: 4 failures: 232 errors: 0,https://github.com/airbnb/lottie-android/commit/d052572d53e4f4bd8f104036c5cdf51badb4d519,lottie/src/test/java/com/airbnb/lottie
70,22/07/2019-10/08/2019,Aug 10 2019,d9c982ece3a9cb5ec6fe6244ce9087c1ff5ab012,    Include day/night mode in cache keys (#1352),completed: 260 skipped: 4 failures: 232 errors: 0,https://github.com/airbnb/lottie-android/commit/d9c982ece3a9cb5ec6fe6244ce9087c1ff5ab012,lottie/src/test/java/com/airbnb/lottie
70,22/07/2019-10/08/2019,Aug 10 2019,ec92421db174041e13b2313d4b705967c6bfb71f,    Added issue-repro module (#1351),completed: 260 skipped: 4 failures: 232 errors: 0,https://github.com/airbnb/lottie-android/commit/ec92421db174041e13b2313d4b705967c6bfb71f,lottie/src/test/java/com/airbnb/lottie
70,22/07/2019-10/08/2019,Aug 10 2019,b8136dd294fcee3ad491d755454a06146822833a,    Don't resume animation when system animation is disabled. (#1349),completed: 260 skipped: 4 failures: 232 errors: 0,https://github.com/airbnb/lottie-android/commit/b8136dd294fcee3ad491d755454a06146822833a,lottie/src/test/java/com/airbnb/lottie
70,22/07/2019-10/08/2019,Jul 22 2019,474586a6e992a521e78abe65ff25b43c7f4d3588,    Prevent a StackOverflowException on 4.4 (#1332),completed: 260 skipped: 4 failures: 232 errors: 0,https://github.com/airbnb/lottie-android/commit/474586a6e992a521e78abe65ff25b43c7f4d3588,lottie/src/test/java/com/airbnb/lottie
71,20/07/2019-22/07/2019,Jul 22 2019,474586a6e992a521e78abe65ff25b43c7f4d3588,    Prevent a StackOverflowException on 4.4 (#1332),completed: 260 skipped: 4 failures: 232 errors: 0,https://github.com/airbnb/lottie-android/commit/474586a6e992a521e78abe65ff25b43c7f4d3588,lottie/src/test/java/com/airbnb/lottie
72,19/07/2019-20/07/2019,Jul 20 2019,ac09fd469bd5948c1d781d8e95a0ac32fb5074c4,    Update issue templates,completed: 260 skipped: 4 failures: 232 errors: 0,https://github.com/airbnb/lottie-android/commit/ac09fd469bd5948c1d781d8e95a0ac32fb5074c4,lottie/src/test/java/com/airbnb/lottie
72,19/07/2019-20/07/2019,Jul 19 2019,1661c2673bc4d9e632bc1599978f803ac457505f,    Create FUNDING.yml,completed: 260 skipped: 4 failures: 232 errors: 0,https://github.com/airbnb/lottie-android/commit/1661c2673bc4d9e632bc1599978f803ac457505f,lottie/src/test/java/com/airbnb/lottie
73,18/07/2019-19/07/2019,Jul 19 2019,292b5745e3553d908ebc015e46f2876390554485,    Update issue templates,completed: 260 skipped: 4 failures: 232 errors: 0,https://github.com/airbnb/lottie-android/commit/292b5745e3553d908ebc015e46f2876390554485,lottie/src/test/java/com/airbnb/lottie
73,18/07/2019-19/07/2019,Jul 19 2019,68aed6a46fc7f663553a6420e6910698ff586e68,    Add custom failure listener support to LottieAnimationView and log network failures (#1321),completed: 260 skipped: 4 failures: 232 errors: 0,https://github.com/airbnb/lottie-android/commit/68aed6a46fc7f663553a6420e6910698ff586e68,lottie/src/test/java/com/airbnb/lottie
73,18/07/2019-19/07/2019,Jul 18 2019,40bc7483a48efa7b71167741419d2e2100c51b84,    Enable snapshot deployment (#1328),completed: 260 skipped: 4 failures: 232 errors: 0,https://github.com/airbnb/lottie-android/commit/40bc7483a48efa7b71167741419d2e2100c51b84,lottie/src/test/java/com/airbnb/lottie
74,16/07/2019-18/07/2019,Jul 18 2019,40bc7483a48efa7b71167741419d2e2100c51b84,    Enable snapshot deployment (#1328),completed: 260 skipped: 4 failures: 232 errors: 0,https://github.com/airbnb/lottie-android/commit/40bc7483a48efa7b71167741419d2e2100c51b84,lottie/src/test/java/com/airbnb/lottie
75,22/06/2019-16/07/2019,Jul 16 2019,3e7b460e249e423da8bcb3d16d38ba38c27d2d7d,    Fuzzy match content types (#1320),completed: 260 skipped: 4 failures: 232 errors: 0,https://github.com/airbnb/lottie-android/commit/3e7b460e249e423da8bcb3d16d38ba38c27d2d7d,lottie/src/test/java/com/airbnb/lottie
76,19/06/2019-22/06/2019,Jun 22 2019,7e64a9d68a7e58b6ea490fa9f8c8526612b02ad1,    Replace LottieAnimiationView JsonReader API with just InputStream and hide visibility of the Lottie Moshi JSON parsing classes. (#1279),completed: 260 skipped: 4 failures: 232 errors: 0,https://github.com/airbnb/lottie-android/commit/7e64a9d68a7e58b6ea490fa9f8c8526612b02ad1,lottie/src/test/java/com/airbnb/lottie
76,19/06/2019-22/06/2019,Jun 19 2019,99dea0e0e3bc9d0b0b4b1cbf8cfa08163964e816,    v3.0.7,completed: 260 skipped: 4 failures: 232 errors: 0,https://github.com/airbnb/lottie-android/commit/99dea0e0e3bc9d0b0b4b1cbf8cfa08163964e816,lottie/src/test/java/com/airbnb/lottie
77,13/06/2019-19/06/2019,Jun 19 2019,99dea0e0e3bc9d0b0b4b1cbf8cfa08163964e816,    v3.0.7,completed: 260 skipped: 4 failures: 232 errors: 0,https://github.com/airbnb/lottie-android/commit/99dea0e0e3bc9d0b0b4b1cbf8cfa08163964e816,lottie/src/test/java/com/airbnb/lottie
77,13/06/2019-19/06/2019,Jun 13 2019,47fc0dc23d9088bd3c9c0174a86e1a8edb3c0beb,    Moved espresso tests into LottieSample (#1264),completed: 260 skipped: 4 failures: 232 errors: 0,https://github.com/airbnb/lottie-android/commit/47fc0dc23d9088bd3c9c0174a86e1a8edb3c0beb,lottie/src/test/java/com/airbnb/lottie
78,3/06/2019-13/06/2019,Jun 13 2019,47fc0dc23d9088bd3c9c0174a86e1a8edb3c0beb,    Moved espresso tests into LottieSample (#1264),completed: 260 skipped: 4 failures: 232 errors: 0,https://github.com/airbnb/lottie-android/commit/47fc0dc23d9088bd3c9c0174a86e1a8edb3c0beb,lottie/src/test/java/com/airbnb/lottie
78,3/06/2019-13/06/2019,Jun 13 2019,f2d6e608637684b0a957370fe0edb4be7bf93652,    Fixed renderMode attr (#1263),completed: 260 skipped: 4 failures: 232 errors: 0,https://github.com/airbnb/lottie-android/commit/f2d6e608637684b0a957370fe0edb4be7bf93652,lottie/src/test/java/com/airbnb/lottie
79,30/05/2019-3/06/2019,Jun 3 2019,35de50dd3bbe1b11aa6e983209c26ec0bd99d359,    v3.0.6,completed: 260 skipped: 4 failures: 232 errors: 0,https://github.com/airbnb/lottie-android/commit/35de50dd3bbe1b11aa6e983209c26ec0bd99d359,lottie/src/test/java/com/airbnb/lottie
79,30/05/2019-3/06/2019,May 30 2019,da11cc72295d6bbf70035667d9dd1871d248cde5,    v3.0.5,completed: 260 skipped: 4 failures: 232 errors: 0,https://github.com/airbnb/lottie-android/commit/da11cc72295d6bbf70035667d9dd1871d248cde5,lottie/src/test/java/com/airbnb/lottie
79,30/05/2019-3/06/2019,May 30 2019,77401c58972d6a60b6ee530b58459df6b84f0991,    v3.0.4,completed: 260 skipped: 4 failures: 232 errors: 0,https://github.com/airbnb/lottie-android/commit/77401c58972d6a60b6ee530b58459df6b84f0991,lottie/src/test/java/com/airbnb/lottie
79,30/05/2019-3/06/2019,May 30 2019,891e73fa1146196b4cde7c7873ca1a352fc40a58,    Fix copy paste error (#1245),completed: 260 skipped: 4 failures: 232 errors: 0,https://github.com/airbnb/lottie-android/commit/891e73fa1146196b4cde7c7873ca1a352fc40a58,lottie/src/test/java/com/airbnb/lottie
80,25/05/2019-30/05/2019,May 30 2019,da11cc72295d6bbf70035667d9dd1871d248cde5,    v3.0.5,completed: 260 skipped: 4 failures: 232 errors: 0,https://github.com/airbnb/lottie-android/commit/da11cc72295d6bbf70035667d9dd1871d248cde5,lottie/src/test/java/com/airbnb/lottie
80,25/05/2019-30/05/2019,May 30 2019,77401c58972d6a60b6ee530b58459df6b84f0991,    v3.0.4,completed: 260 skipped: 4 failures: 232 errors: 0,https://github.com/airbnb/lottie-android/commit/77401c58972d6a60b6ee530b58459df6b84f0991,lottie/src/test/java/com/airbnb/lottie
80,25/05/2019-30/05/2019,May 30 2019,891e73fa1146196b4cde7c7873ca1a352fc40a58,    Fix copy paste error (#1245),completed: 260 skipped: 4 failures: 232 errors: 0,https://github.com/airbnb/lottie-android/commit/891e73fa1146196b4cde7c7873ca1a352fc40a58,lottie/src/test/java/com/airbnb/lottie
81,20/05/2019-25/05/2019,May 25 2019,5a5ff800b05ff735df2d7341ea63fa44a527b927,    Prevent BuildConfig builds from ever being on release builds (#1232),completed: 260 skipped: 4 failures: 232 errors: 0,https://github.com/airbnb/lottie-android/commit/5a5ff800b05ff735df2d7341ea63fa44a527b927,lottie/src/test/java/com/airbnb/lottie
81,20/05/2019-25/05/2019,May 20 2019,6bef284ac9b23c215364d2cd5221a29120c0e889,    v3.0.3,completed: 260 skipped: 4 failures: 232 errors: 0,https://github.com/airbnb/lottie-android/commit/6bef284ac9b23c215364d2cd5221a29120c0e889,lottie/src/test/java/com/airbnb/lottie
82,19/05/2019-21/05/2019,May 20 2019,9cdff7fb9cf33ae07d87a83ac01098d05f3f529d,    Updated CHANGELOG,completed: 260 skipped: 4 failures: 232 errors: 0,https://github.com/airbnb/lottie-android/commit/9cdff7fb9cf33ae07d87a83ac01098d05f3f529d,lottie/src/test/java/com/airbnb/lottie
82,19/05/2019-21/05/2019,May 21 2019,21d1573898da088efa81b1de91faa55108d5057f,    Fix: incorrect System.nano() usage leads to the animation to end prematurely (#1227),completed: 260 skipped: 4 failures: 232 errors: 0,https://github.com/airbnb/lottie-android/commit/21d1573898da088efa81b1de91faa55108d5057f,lottie/src/test/java/com/airbnb/lottie
82,19/05/2019-21/05/2019,May 19 2019,39e2a3b21171178f6b44ca0194f18dd97f07b7a7,    Default null content type to application/json (#1223),completed: 260 skipped: 4 failures: 232 errors: 0,https://github.com/airbnb/lottie-android/commit/39e2a3b21171178f6b44ca0194f18dd97f07b7a7,lottie/src/test/java/com/airbnb/lottie
82,19/05/2019-21/05/2019,May 19 2019,a143d345a22c49288febb7c999a32962696a3e37,    Close url connection at the right time (#1221),completed: 260 skipped: 4 failures: 232 errors: 0,https://github.com/airbnb/lottie-android/commit/a143d345a22c49288febb7c999a32962696a3e37,lottie/src/test/java/com/airbnb/lottie
83,15/05/2019-19/05/2019,May 19 2019,7371eabe326ac70991cf237da423b03ee52caba8,    Resize bitmaps to the size specified in JSON (#1225),completed: 260 skipped: 4 failures: 232 errors: 0,https://github.com/airbnb/lottie-android/commit/7371eabe326ac70991cf237da423b03ee52caba8,lottie/src/test/java/com/airbnb/lottie
83,15/05/2019-19/05/2019,May 19 2019,174ce16ec59b1ab11b074460c23b0286f7da08eb,    Set correct frame when animation ends and speed is < 0 (#1222),completed: 260 skipped: 4 failures: 232 errors: 0,https://github.com/airbnb/lottie-android/commit/174ce16ec59b1ab11b074460c23b0286f7da08eb,lottie/src/test/java/com/airbnb/lottie
83,15/05/2019-19/05/2019,May 19 2019,9e8d64081e941f5fc29a31c0a9e1088bfa8a3197,    invalidateSelf after setAlpha,completed: 260 skipped: 4 failures: 232 errors: 0,https://github.com/airbnb/lottie-android/commit/9e8d64081e941f5fc29a31c0a9e1088bfa8a3197,lottie/src/test/java/com/airbnb/lottie
83,15/05/2019-19/05/2019,May 15 2019,bd04ebc835a52c174acf173b69b35ba6c7ed5ffc,    Set wasAnimatingWhenDetached to false at pause() (#1217),completed: 260 skipped: 4 failures: 232 errors: 0,https://github.com/airbnb/lottie-android/commit/bd04ebc835a52c174acf173b69b35ba6c7ed5ffc,lottie/src/test/java/com/airbnb/lottie
84,8/05/2019-15/05/2019,May 15 2019,0c138f8fc2ea5ed5ae4d725cbaeab5131a933d36,    v3.0.2,completed: 260 skipped: 4 failures: 232 errors: 0,https://github.com/airbnb/lottie-android/commit/0c138f8fc2ea5ed5ae4d725cbaeab5131a933d36,lottie/src/test/java/com/airbnb/lottie
84,8/05/2019-15/05/2019,May 15 2019,c88485c1b655c49807f28e5136446d2b40856f3f,    Refer to the frameTimeNanos from Choreographer (#1215),completed: 260 skipped: 4 failures: 232 errors: 0,https://github.com/airbnb/lottie-android/commit/c88485c1b655c49807f28e5136446d2b40856f3f,lottie/src/test/java/com/airbnb/lottie
85,30/04/2019-8/05/2019,May 8 2019,3004a3b9b6f6b9039ba2af68c640129f7b0bca2a,    Add a customizable logger and try/finally network connections (#1162),completed: 260 skipped: 4 failures: 232 errors: 0,https://github.com/airbnb/lottie-android/commit/3004a3b9b6f6b9039ba2af68c640129f7b0bca2a,lottie/src/test/java/com/airbnb/lottie
86,25/04/2019-30/04/2019,Apr 30 2019,126dabdc9f586c87822f85fe1128cdad439d30fa,    Added WebP support to ZIP asset parsing (#1198),completed: 260 skipped: 4 failures: 232 errors: 0,https://github.com/airbnb/lottie-android/commit/126dabdc9f586c87822f85fe1128cdad439d30fa,lottie/src/test/java/com/airbnb/lottie
87,17/04/2019-25/04/2019,Apr 25 2019,46f88fe7d1260ded135af8a00f53190c38ff8624,    v3.0.1,completed: 260 skipped: 4 failures: 232 errors: 0,https://github.com/airbnb/lottie-android/commit/46f88fe7d1260ded135af8a00f53190c38ff8624,lottie/src/test/java/com/airbnb/lottie
88,10/04/2019-17/04/2019,Apr 17 2019,423c336e8c30e063b0f8f233820f8ec8eaceafaa,    Respect disabled system animations (#1187),completed: 260 skipped: 4 failures: 232 errors: 0,https://github.com/airbnb/lottie-android/commit/423c336e8c30e063b0f8f233820f8ec8eaceafaa,lottie/src/test/java/com/airbnb/lottie
89,21/03/2019-10/04/2019,Apr 10 2019,a483b7695e2a9ec5e8ea4b50b1223f806e890ca5,    Fix issues about visibility changes (#1174),completed: 260 skipped: 4 failures: 232 errors: 0,https://github.com/airbnb/lottie-android/commit/a483b7695e2a9ec5e8ea4b50b1223f806e890ca5,lottie/src/test/java/com/airbnb/lottie
90,18/03/2019-21/03/2019,Mar 21 2019,d7e044f21ee2fde0b69dde068f76503aa23fa5a8,    v3.0.0,completed: 260 skipped: 4 failures: 232 errors: 0,https://github.com/airbnb/lottie-android/commit/d7e044f21ee2fde0b69dde068f76503aa23fa5a8,lottie/src/test/java/com/airbnb/lottie
92,10/03/2019-11/03/2019,Mar 11 2019,e69160e59ca5945638c5e02a2467125a9e0d715a,    v3.0.0-beta4,completed: 258 skipped: 4 failures: 232 errors: 0,https://github.com/airbnb/lottie-android/commit/e69160e59ca5945638c5e02a2467125a9e0d715a,lottie/src/test/java/com/airbnb/lottie
92,10/03/2019-11/03/2019,Mar 10 2019,e3bba6cbef78f1883e320ae2268e01b2889a073c,    v3.0.0-beta3,completed: 258 skipped: 4 failures: 232 errors: 0,https://github.com/airbnb/lottie-android/commit/e3bba6cbef78f1883e320ae2268e01b2889a073c,lottie/src/test/java/com/airbnb/lottie
92,10/03/2019-11/03/2019,Mar 10 2019,34195c2e3ab5576e30fad4bd0826acf160636bde,    Added support for emoji in TextDelegates (#1150),completed: 258 skipped: 4 failures: 232 errors: 0,https://github.com/airbnb/lottie-android/commit/34195c2e3ab5576e30fad4bd0826acf160636bde,lottie/src/test/java/com/airbnb/lottie
92,10/03/2019-11/03/2019,Mar 10 2019,77ebba9924cab8cd0c6f69646ed04640c1388c57,    Added radius size & position value callbacks for rectangle (#1146),completed: 258 skipped: 4 failures: 232 errors: 0,https://github.com/airbnb/lottie-android/commit/77ebba9924cab8cd0c6f69646ed04640c1388c57,lottie/src/test/java/com/airbnb/lottie
93,5/03/2019-10/03/2019,Mar 10 2019,e3bba6cbef78f1883e320ae2268e01b2889a073c,    v3.0.0-beta3,completed: 258 skipped: 4 failures: 232 errors: 0,https://github.com/airbnb/lottie-android/commit/e3bba6cbef78f1883e320ae2268e01b2889a073c,lottie/src/test/java/com/airbnb/lottie
93,5/03/2019-10/03/2019,Mar 10 2019,34195c2e3ab5576e30fad4bd0826acf160636bde,    Added support for emoji in TextDelegates (#1150),completed: 258 skipped: 4 failures: 232 errors: 0,https://github.com/airbnb/lottie-android/commit/34195c2e3ab5576e30fad4bd0826acf160636bde,lottie/src/test/java/com/airbnb/lottie
93,5/03/2019-10/03/2019,Mar 10 2019,77ebba9924cab8cd0c6f69646ed04640c1388c57,    Added radius size & position value callbacks for rectangle (#1146),completed: 258 skipped: 4 failures: 232 errors: 0,https://github.com/airbnb/lottie-android/commit/77ebba9924cab8cd0c6f69646ed04640c1388c57,lottie/src/test/java/com/airbnb/lottie
93,5/03/2019-10/03/2019,Mar 10 2019,47d1d57b6b2720de555f62fa05750812744bf570,    Prevent a crash on older versions of Android (#1148),completed: 258 skipped: 4 failures: 232 errors: 0,https://github.com/airbnb/lottie-android/commit/47d1d57b6b2720de555f62fa05750812744bf570,lottie/src/test/java/com/airbnb/lottie
94,3/03/2019-5/03/2019,Mar 5 2019,0794b3c46d542eebeb8117528518e470b8d6bd3f,    Add support for multiline text (#1138),completed: 258 skipped: 4 failures: 232 errors: 0,https://github.com/airbnb/lottie-android/commit/0794b3c46d542eebeb8117528518e470b8d6bd3f,lottie/src/test/java/com/airbnb/lottie
95,2/03/2019-3/03/2019,Mar 3 2019,7a7a954e6eb5171dabc708f4917020f38d5318f3,    Allow transform properties to be nullable (#1136),completed: 258 skipped: 4 failures: 232 errors: 0,https://github.com/airbnb/lottie-android/commit/7a7a954e6eb5171dabc708f4917020f38d5318f3,lottie/src/test/java/com/airbnb/lottie
96,24/02/2019-2/03/2019,Mar 2 2019,c3f3a885b087dc897444596d0a271d701eb8e9b0,    Reimplemented masks and mattes (#1135),completed: 258 skipped: 4 failures: 232 errors: 0,https://github.com/airbnb/lottie-android/commit/c3f3a885b087dc897444596d0a271d701eb8e9b0,lottie/src/test/java/com/airbnb/lottie
97,18/02/2019-24/02/2019,Feb 24 2019,c15c126a6da9c53c277b67462ae128083215ef1f,    Use idiomatic enum constant naming (#1133),completed: 258 skipped: 4 failures: 232 errors: 0,https://github.com/airbnb/lottie-android/commit/c15c126a6da9c53c277b67462ae128083215ef1f,lottie/src/test/java/com/airbnb/lottie
98,17/02/2019-18/02/2019,Feb 18 2019,3a4eacdac8ea921ed9b32d0e5dab18cf4b6d9d2a,    Prevent setMaxFrame from truncating the last frame. (#1126),completed: 258 skipped: 4 failures: 232 errors: 0,https://github.com/airbnb/lottie-android/commit/3a4eacdac8ea921ed9b32d0e5dab18cf4b6d9d2a,lottie/src/test/java/com/airbnb/lottie
98,17/02/2019-18/02/2019,Feb 17 2019,6078d2f47710cc3820348c77fb6e2074a8847fee,    Fix not animating the first time (#1125),completed: 258 skipped: 4 failures: 232 errors: 0,https://github.com/airbnb/lottie-android/commit/6078d2f47710cc3820348c77fb6e2074a8847fee,lottie/src/test/java/com/airbnb/lottie
99,16/02/2019-17/02/2019,Feb 17 2019,deb6e2208721902d6057ed88f18361e0c77eb6d8,    v3.0.0-beta2,completed: 258 skipped: 4 failures: 232 errors: 0,https://github.com/airbnb/lottie-android/commit/deb6e2208721902d6057ed88f18361e0c77eb6d8,lottie/src/test/java/com/airbnb/lottie
99,16/02/2019-17/02/2019,Feb 17 2019,60a7912604bf2dea39beddd555d2c12f12bfe83f,    [Sample App] Use new lottiefiles url (#1124),completed: 258 skipped: 4 failures: 232 errors: 0,https://github.com/airbnb/lottie-android/commit/60a7912604bf2dea39beddd555d2c12f12bfe83f,lottie/src/test/java/com/airbnb/lottie
99,16/02/2019-17/02/2019,Feb 16 2019,51188e6119f432e250f3d0a671bde8af77a796d4,    Replace task observer thread with FutureTask subclass (#1083),completed: 258 skipped: 4 failures: 232 errors: 0,https://github.com/airbnb/lottie-android/commit/51188e6119f432e250f3d0a671bde8af77a796d4,lottie/src/test/java/com/airbnb/lottie
99,16/02/2019-17/02/2019,Feb 16 2019,f87b1fdd8fb1cb4fd0e0931e53330caaa386da3c,    Added support for Skew and Skew Angle (#1118),completed: 258 skipped: 4 failures: 232 errors: 0,https://github.com/airbnb/lottie-android/commit/f87b1fdd8fb1cb4fd0e0931e53330caaa386da3c,lottie/src/test/java/com/airbnb/lottie
99,16/02/2019-17/02/2019,Feb 16 2019,48aa7583984dde5aeab63012245e750ea1a849e4,    Add link to Lottie-Windows (#1119),completed: 258 skipped: 4 failures: 232 errors: 0,https://github.com/airbnb/lottie-android/commit/48aa7583984dde5aeab63012245e750ea1a849e4,lottie/src/test/java/com/airbnb/lottie
100,15/02/2019-16/02/2019,Feb 16 2019,2ca335a47fc97835b7c3ceaf44301b13e2bc0283,    Support animations without end values in each keyframe (#1104),completed: 258 skipped: 4 failures: 232 errors: 0,https://github.com/airbnb/lottie-android/commit/2ca335a47fc97835b7c3ceaf44301b13e2bc0283,lottie/src/test/java/com/airbnb/lottie
100,15/02/2019-16/02/2019,Feb 16 2019,5f8f4861868fa578238a4cc05034fba1b1bfb7f3,    Allow multiple trim paths to operate on the same content (#1103),completed: 258 skipped: 4 failures: 232 errors: 0,https://github.com/airbnb/lottie-android/commit/5f8f4861868fa578238a4cc05034fba1b1bfb7f3,lottie/src/test/java/com/airbnb/lottie
100,15/02/2019-16/02/2019,Feb 16 2019,a38bff9372c36109caf3a9e66484764c37e194e0,    Add information while waiting for jobs to finish (#1120),completed: 258 skipped: 4 failures: 232 errors: 0,https://github.com/airbnb/lottie-android/commit/a38bff9372c36109caf3a9e66484764c37e194e0,lottie/src/test/java/com/airbnb/lottie
100,15/02/2019-16/02/2019,Feb 16 2019,3bfcc3ded8642bec338ee98d5e46f9581eb890e8,    Updated issue template,completed: 258 skipped: 4 failures: 232 errors: 0,https://github.com/airbnb/lottie-android/commit/3bfcc3ded8642bec338ee98d5e46f9581eb890e8,lottie/src/test/java/com/airbnb/lottie
100,15/02/2019-16/02/2019,Feb 15 2019,779d389678c5b9d86da7a6cbf94175f45e32d57b,    Cleanup travis.yml (#1117),completed: 258 skipped: 4 failures: 232 errors: 0,https://github.com/airbnb/lottie-android/commit/779d389678c5b9d86da7a6cbf94175f45e32d57b,lottie/src/test/java/com/airbnb/lottie
101,10/02/2019-15/02/2019,Feb 15 2019,779d389678c5b9d86da7a6cbf94175f45e32d57b,    Cleanup travis.yml (#1117),completed: 258 skipped: 4 failures: 232 errors: 0,https://github.com/airbnb/lottie-android/commit/779d389678c5b9d86da7a6cbf94175f45e32d57b,lottie/src/test/java/com/airbnb/lottie
102,2/02/2019-10/02/2019,Feb 10 2019,2a73d550e6845d34a70a8db6998e41d40aab822e,    Added support for markers (#1105),completed: 258 skipped: 4 failures: 232 errors: 0,https://github.com/airbnb/lottie-android/commit/2a73d550e6845d34a70a8db6998e41d40aab822e,lottie/src/test/java/com/airbnb/lottie
102,2/02/2019-10/02/2019,Feb 2 2019,a6d4f34c10c14c7c87c91cd851a997f915984b7f,    Pause Lottie when visibility changes (#1098),completed: 252 skipped: 4 failures: 226 errors: 0,https://github.com/airbnb/lottie-android/commit/a6d4f34c10c14c7c87c91cd851a997f915984b7f,lottie/src/test/java/com/airbnb/lottie
103,11/01/2019-2/02/2019,Feb 2 2019,f970d3a8947e2f5eeaf8c852ec3648137f343732,    Close JsonReader after parsing (#1101),completed: 258 skipped: 4 failures: 232 errors: 0,https://github.com/airbnb/lottie-android/commit/f970d3a8947e2f5eeaf8c852ec3648137f343732,lottie/src/test/java/com/airbnb/lottie
103,11/01/2019-2/02/2019,Feb 2 2019,b412da75fa257883315d6449e8f2672cba54e02f,    Switch from happo to bitrise git branch (#1099),completed: 252 skipped: 4 failures: 226 errors: 0,https://github.com/airbnb/lottie-android/commit/b412da75fa257883315d6449e8f2672cba54e02f,lottie/src/test/java/com/airbnb/lottie
104,7/01/2019-11/01/2019,Jan 11 2019,a17e7fdf91027203e153102f44d19ffaa2426a53,    Prevent an OOBE (#1084),completed: 248 skipped: 4 failures: 222 errors: 0,https://github.com/airbnb/lottie-android/commit/a17e7fdf91027203e153102f44d19ffaa2426a53,lottie/src/test/java/com/airbnb/lottie
105,4/01/2019-7/01/2019,Jan 7 2019,3c0df996cbf5afbac380f4974bf668c33cc8e818,    v3.0.0-beta1,completed: 248 skipped: 4 failures: 222 errors: 0,https://github.com/airbnb/lottie-android/commit/3c0df996cbf5afbac380f4974bf668c33cc8e818,lottie/src/test/java/com/airbnb/lottie
106,26/12/2018-4/01/2019,Jan 4 2019,88bed53078a691b2f0b1eafb3d32071ab5cdb779,    New RenderMode API (#1072),completed: 248 skipped: 4 failures: 222 errors: 0,https://github.com/airbnb/lottie-android/commit/88bed53078a691b2f0b1eafb3d32071ab5cdb779,lottie/src/test/java/com/airbnb/lottie
107,20/12/2018-26/12/2018,Dec 26 2018,52e4d63419a311559c55f63d06fd91a545ece795,    Add support for naive text alignment. (#1067),completed: 248 skipped: 4 failures: 222 errors: 0,https://github.com/airbnb/lottie-android/commit/52e4d63419a311559c55f63d06fd91a545ece795,lottie/src/test/java/com/airbnb/lottie
108,19/12/2018-20/12/2018,Dec 20 2018,e8f4f381b3760a58cfae407a9e0801f910f1ed58,    Remove decrypt step from Travis,completed: 248 skipped: 4 failures: 222 errors: 0,https://github.com/airbnb/lottie-android/commit/e8f4f381b3760a58cfae407a9e0801f910f1ed58,lottie/src/test/java/com/airbnb/lottie
108,19/12/2018-20/12/2018,Dec 19 2018,0ffb71613661ff27ba2989f3f21cb523f11cfef0,    Disabled travis (#1065),completed: 248 skipped: 4 failures: 222 errors: 0,https://github.com/airbnb/lottie-android/commit/0ffb71613661ff27ba2989f3f21cb523f11cfef0,lottie/src/test/java/com/airbnb/lottie
109,18/12/2018-19/12/2018,Dec 19 2018,20dc13ceec718a9d4eb402a12410d8bda5c14c82,    Enabled travis for tests and lint (#1066),completed: 248 skipped: 4 failures: 222 errors: 0,https://github.com/airbnb/lottie-android/commit/20dc13ceec718a9d4eb402a12410d8bda5c14c82,lottie/src/test/java/com/airbnb/lottie
